Title,Firstname,Lastname,Pronouns,Date_of_Birth,Occupation,Account_Balance,Overdraft_Limit
Dr,Ingaberg,Dragoe,she/her,08/06/1964,Quality Engineer,820166445,319963893
Rev,Burl,Tordiffe,he/him,12/08/1971,Web Designer IV,772689759,66458856
Honorable,Gennifer,Dallywater,she/her,10/08/1951,VP Marketing,848368340,988349577
Mr,Clarance,Whiley,he/him,10/40/1997,Senior Financial Analyst,475035314,244398038
Mrs,Jeri,Corsar,she/her,10/04/1997,Research Nurse,556590552,565821670
Honorable,Garwin,Guiel,he/him,1/04/1968,Administrative Assistant III,647482841,927709231
Dr,Dalenna,Faulder,she/her,03/07/1976,Dental Hygienist,361279947,319991964
Mrs,Shandra,Chennells,she/her,05/02/1976,General Manager,506061593,505306953
Ms,Sammy,Ivanishchev,she/her,02/04/1953,Social Worker,403035632,729171775
Dr,Lazarus,Pllu,he/him,4/07/2003,Human Resources Manager,416729585,531022035
Dr,Morlee,Dunwoody,he/him,05/01/1951,Marketing Assistant,997082946,642536063
Dr,Zachariah,Nilles,he/him,6/08/1992,Database Administrator IV,878080361,483408795
Dr,Erskine,Holywell,he/him,2/06/1967,VP Accounting,978245422,947750573
Ms,Konrad,O'Connell,he/him,6/06/1982,Pharmacist,748074412,952984287
Rev,Cordi,Postgate,she/her,10/08/1993,VP Sales,371149741,542351829
Ms,Raymond,Byng,he/him,11/05/1998,Quality Control Specialist,883565978,999490809
Mrs,Rosetta,Hurll,she/her,4/10/2002,Chief Design Engineer,305366933,341937236
Mr,Paton,Pobjoy,he/him,01/10/1978,Dental Hygienist,56806964,541652736
Honorable,Halie,Keary,she/her,7/01/1964,Mechanical Systems Engineer,698582116,182151183
Dr,Wallache,Lebbern,he/him,4/11/1961,Compensation Analyst,375103801,545136692
Dr,Ryley,Ghilardini,he/him,10/01/1996,Desktop Support Technician,906839915,92491157
Honorable,Gerald,Flawn,he/him,11/09/1980,Senior Financial Analyst,460430842,856391958
Dr,Lorant,Sphinxe,he/him,1/10/1971,Marketing Manager,554003458,682027445
Honorable,Natalee,Hasselby,she/her,9/10/1986,Mechanical Systems Engineer,482545559,762100961
Dr,Bert,Stain,they/them,02/01/1975,Health Coach II,636494228,355619436
Mrs,Elna,Tall,she/her,10/03/1970,Civil Engineer,12912950,695431330
Ms,Aggie,Kuhn,she/her,4/11/1988,Nuclear Power Engineer,759781122,884526839
Ms,Victoir,Antonoczyk,he/him,03/07/2000,Operator,446353295,463907971
Dr,Craggy,Christley,he/him,05/07/1987,Senior Financial Analyst,547055321,501939734
Mrs,Marilyn,Kobiela,she/her,3/11/1964,Teacher,417984867,969230974
Mr,Antonetta,Bootton,she/her,05/03/1953,Systems Administrator I,845601091,5069474
Honorable,Marvin,Escofier,they/them,9/11/1959,Help Desk Operator,458798234,681118524
Dr,Abigale,Langstone,she/her,05/11/1997,Software Engineer I,396773910,77523485
Honorable,Harbert,Nealand,he/him,4/07/1997,Automation Specialist II,5000695,971171422
Dr,Camey,Eyckelberg,he/him,02/07/1998,Sales Associate,433936389,87648817
Dr,Goober,Coppock.,he/him,9/08/1980,Recruiting Manager,975465387,175563048
Mr,Aloysia,Lapenna,she/her,10/04/2001,Web Designer I,114582761,934043938
Honorable,Leda,Blaasch,they/them,5/10/1957,Cost Accountant,580835205,854979455
Rev,Brodie,Patington,he/him,10/01/1960,Cost Accountant,990483178,977334203
Ms,Loren,Stenhouse,they/them,3/05/1997,Teacher,546639217,286459164
Mrs,Christopher,Jeffrey,he/him,07/01/1954,Programmer II,735967457,496781847
Rev,Pietrek,Compson,he/him,06/06/1995,Cost Accountant,158818170,941423546
Honorable,Nissa,Hub,they/them,01/07/1961,Structural Engineer,886876616,464249271
Rev,Idalina,Richardon,she/her,4/12/1998,Project Manager,487007629,818713185
Ms,Osbert,Tisor,he/him,10/12/1994,Social Worker,363705156,982581767
Honorable,Brandy,Jenicek,she/her,6/01/1968,Analog Circuit Design manager,769460896,949230076
Dr,Vincenty,Whytock,he/him,11/04/1967,Director of Sales,339565135,806460571
Dr,Brendin,Cory,he/him,8/08/1960,Senior Quality Engineer,401207747,481946898
Honorable,Gabbey,MacMoyer,she/her,7/08/1984,Accounting Assistant III,872931177,320391318
Honorable,Adella,Vasovic,she/her,6/07/1979,Product Engineer,554019003,47204617
Mr,Fidelio,Jain,he/him,4/07/1978,Analog Circuit Design manager,303332937,552953891
Honorable,Padgett,Yurasov,he/him,11/07/1987,Quality Engineer,994553045,749003309
Mr,Grissel,Starzaker,she/her,1/05/1967,Database Administrator I,645120671,29890187
Mrs,Cos,Sange,he/him,04/02/1989,Geological Engineer,781861137,358668314
Mr,Frants,Castelot,he/him,7/12/1954,Assistant Media Planner,531950432,209011627
Rev,Puff,Mackilpatrick,he/him,02/09/1976,Director of Sales,878242187,11109599
Mr,Evita,Duffield,she/her,7/02/1993,Junior Executive,714636992,482523307
Ms,Biddie,Chapiro,she/her,3/06/1951,Developer I,318464228,88992144
Mrs,Erastus,Goskar,he/him,7/03/1970,General Manager,916371665,9160974
Rev,Filippo,Merrigans,he/him,2/08/1980,Senior Editor,284419456,530066352
Mr,Tanitansy,Slimmon,she/her,03/06/1977,Pharmacist,810661544,916831349
Mrs,Barnett,Vawton,he/him,10/08/1971,Web Designer I,67580917,3912321
Ms,Maribelle,Dudny,she/her,01/02/1964,Accounting Assistant IV,697488483,979360200
Rev,Seymour,Cars,he/him,9/05/1998,Editor,825018129,616869508
Dr,Bernie,Auld,she/her,1/08/1976,Chief Design Engineer,795688933,705738340
Dr,Abelard,Andree,he/him,3/07/1961,Research Nurse,466947057,539544725
Ms,Coralyn,Cardero,she/her,10/08/1970,Analyst Programmer,326093014,33548046
Dr,Cindie,Oakland,she/her,11/09/1959,Financial Analyst,892818559,116396043
Mr,Pauly,Groome,he/him,07/10/1955,Chemical Engineer,557832183,29492855
Rev,Yule,Dach,he/him,10/09/1997,Structural Engineer,-967059627,884731888
Mrs,Catlee,Ayshford,she/her,08/01/1997,Research Associate,-633176238,534806598
Mrs,Loy,Brewis,he/him,7/01/1955,Environmental Specialist,-72798015,939400254
Dr,Tripp,Delamere,he/him,10/06/1963,Occupational Therapist,-880727976,24833986
Dr,Kippie,Kowal,she/her,02/11/1995,Technical Writer,446574792,533418
Ms,Cornall,Nock,he/him,9/04/1974,Junior Executive,662669811,308525372
Rev,Ruben,Mullaney,he/him,02/01/1966,Automation Specialist II,44633252,80551690
Mr,Gaylor,Thistleton,he/him,7/03/1953,Accounting Assistant IV,970828192,9211976
Dr,Felicle,Mitchely,she/her,2/02/1991,Account Executive,514113953,546276128
Ms,Noelyn,Figgen,she/her,10/01/1963,Occupational Therapist,405278570,9668744
Rev,Wallas,Bloor,he/him,10/04/1984,Clinical Specialist,473982887,122142723
Mrs,Delphine,Neiland,she/her,10/04/1979,VP Marketing,414546988,55133275
Dr,Kinsley,Merlin,he/him,11/01/1952,Cost Accountant,929371499,185467933
Honorable,Jeffie,Abadam,he/him,3/12/2003,VP Product Management,682162471,614776292
Mr,Yoshiko,Krol,they/them,11/11/1997,Civil Engineer,673880700,898037625
Mr,Gwenneth,Mallabone,she/her,2/12/1968,Senior Developer,221121918,8035268
Ms,Alice,Liddyard,she/her,8/09/1978,Librarian,771030597,454355717
Ms,Godfry,Pardew,he/him,02/04/1976,Research Nurse,333477151,672934376
Mr,Camala,Rickardsson,she/her,12/21/1993,Occupational Therapist,712313706,943835532
Rev,Libbey,MacGall,they/them,02/10/1973,Programmer Analyst III,572400097,844492981
Dr,Amata,Mattiuzzi,she/her,09/12/1997,Technical Writer,371814972,934004797
Honorable,Berton,Maxsted,he/him,10/28/1976,Compensation Analyst,417831638,168175360
Mr,Karee,Luigi,she/her,09/07/1971,Operator,103959398,561444969
Mr,Sarina,Wilshin,she/her,6/06/1973,Assistant Professor,686445695,609918033
Dr,Chrysa,Feronet,she/her,05/07/2000,Environmental Tech,156183211,33642949
Rev,Sybila,Dowding,she/her,10/10/1994,Legal Assistant,585519003,772959453
Rev,Wilma,Huniwall,they/them,4/04/2000,Human Resources Assistant II,58438860,3867051
Rev,Dragon,Vikram,he/him,06/04/2004,Astronaut,361540550,100
Ms,Skyler,Harrinson,they/them,2/07/1960,Research and Development,4562,1544
Mr,Gerald,Smith,he/him,15/12/1990,Software Engineer,100,10
Rev,Wilma,Huny,they/them,4/04/2000,Assistant II,58438860,3867
Mrs,Alex,Liyard,she/her,8/09/1978,Teacher,45428,129
